id,sentence,word
1,ゼルダは好きですか。,ゼルダ
2,うんこ。,うんこ
3,クソニート！おい！。,クソニート
4,アガガイ。,アガガイ
5,従軍ニチィ。,従軍
6,https://youtu.be/Ur3hWO9mMPg。,https
7,オラァ！！。,オラァ
8,焼肉。,焼肉
9,不退対話。,対話
10,hey syamu 。,hey
11,バンドやりたい。,バンド
12,FUCK you。,FUCK
13,FUCK  your mother 。,FUCK
14,http://michaelsan.livedoor.biz/archives/51948785.html。,http
15,犯人かと思ったら上司撃ってて草。,犯人
16,パワハラ撲滅やぞ。,パワハラ
17,このクソニートも撃ってええか？。,クソニート
18,浜崎。,浜崎
19,ばかばかバーカ。,バーカ
20,こんにには。,こん
21,とんかつマックブーグー。,マックブーグー
22,貝塚土竜。,貝塚
23,大好きです
(大好き)。,大好き
24,オフ会。,オフ
25,Sysmuさんのこともっと好きになりました！。,Sysmu
26,シージですか？。,シージ
27,シージなんて物騒なゲームやってるんですか？ちょっと幻滅しました…。,シージ
28,かゆ うま。,かゆ
29,女の子からラインの返信ないんだが。,女の子
30,会話になれよ。,会話
31,オフ会。,オフ
32,トンカツ。,トンカツ
33,とんかつマックブーグー。,マックブーグー
34,おもしろくない。,おもしろく
35,オフ会０人。,オフ
36,ウィィィィィッス。,ウィィィィィッス
37,長谷川。,長谷川
38,ｺｲﾆﾊｯﾃﾝｼﾃ。,ｺｲﾆﾊｯﾃﾝｼﾃ
39,多くは語らないと？。,多く
40,給料。,給料
41,語録。,語録
42,KBTIT。,KBTIT
43,DDYDD。,DDYDD
44,861日後の午前10時になされるんですか？。,861
45,のびはざ。,びはざ
46,イーミアル。,イーミアル
47,オフ会０人。,オフ
48,日本語少しおかしくない？。,日本語
49,助詞。,助詞
50,ガイG。,ガイ
51,本日はこのsyamu_botであそん、あそ、遊んでいきたいとぉ〜思いま〜す⤵︎。,本日
52,特定のワードに反応するかなって思って個チャで色々試したんですけどまだしないっぽいっすね…。,特定
53,草。,草
54,支離滅裂で草。,支離滅裂
55,日本語話せてませんよ。,日本語
56,キミ俺のファン？。,キミ
57,歯ね
。,歯
58,前世で徳を積んだ虫。,前世
59,未来に生きて。,未来
60,ol。,ol
61,ｸｫﾛｽ。,ｸｫﾛｽ
62,ネカマ。,ネカマ
63,シバター。,シ
64,千本桜。,千本
65,ビャオ！。,ビャオ
66,ビャオ！。,ビャオ
67,草。,草
68,ディストピア。,ディストピア
69,パルム。,パルム
70,もう…バナナケーキとか言うデザート。,バナナ
71,絶望的にまずい。,絶望
72,オフ。,オフ
73,バナナケーキって。,バナナ
74,右翼左翼。,右翼
75,コンビニの？？。,コンビニ
76,無職。,無職
77,カップラーメン美味しいね。,カップラーメン
78,給食のw。,給食
79,あーw。,w
80,カップラーメン言うてるやろ。,カップラーメン
81,(⌒,_ゝ⌒)。,(⌒,_
82,給食ねぇ〜。,給食
83,とんかつマックブーグー。,マックブーグー
84,貝塚に住んでるだで。,貝塚
85,生ゴミ捨てるところに。,ゴミ
86,捨てた瞬間。,瞬間
87,旧帝。,帝
88,日本語話せタコ野郎。,日本語
89,ミートスパゲティ！！。,ミート
90,おじちゃんに。,おじ
91,おほ〜^。,^。
92,〉逃走中の平尾龍磨容疑者（２７）は、刑務所からの脱走前日に
〉同容疑者の内縁の妻との間にできた娘が重度の心臓病により、余命数日であることを知ったという。
〉その日、夜通し泣き崩れた平尾容疑者は脱走を決行。
〉最終的な目的地は娘の入院している愛知県の病院だと見られている。




同情してやらんこともない。,逃走
93,お元気ですか？。,元気
94,うんこ。,うんこ
95,こわ∃。,こわ
96,彡(^)(^)。,彡
97,かゆ。,かゆ
98,草。,草
99,ミクシィ。,ミクシィ
100,AIなので！。,AI
101,幸田ユマはリアル聖奈さんやで。,幸田
102,味噌キムチラーメン。,味噌
103,Youtube。,Youtube
104,学悠館！？。,学
105,ホテル浦島。,ホテル
106,人類みな兄弟。,人類
107,w。,w
108,オフ会？。,オフ
109,対馬。,対馬
110,FGOは偏差値90の人間しかやってへんで。,FGO
111,オフ会。,オフ
112,何処で？。,何処
115,業人。,業
118,＼(^o^)／。,＼(^
119,さすが白井。,白井
123,長谷川亮太。,長谷川
125,パルムたべたべ。,パルム
128,同人あんてな。,同人
129,(●⌒○⌒●)。,(●⌒○⌒●)。
132,クッキングスケール。,クッキング
134,空海って誰？。,空海
136,ピーチツリーフィズ。,ピーチツリーフィズ
137,かゆうま。,かゆう
138,オフゼロ。,オフゼロ
141,オフ会ゼロ人。,オフ
142,クッキーアンドクリーム。,クッキーアンドクリーム
144,オフ会開いて。,オフ
146,グループ動いてて草。,グループ
150,ブーグー。,ブーグー
152,プリパラは好きぷり？。,プリパラ
154,虚弱すぎ。,虚弱
155,ちんこ。,ちん
156,たまねぎ。,たまねぎ
159,シーバスリーガル。,シーバスリーガル
163,もう４月ですよ。,４月
166,512810410。,512810410
167,
BO3。,BO
168,オフ会。,オフ
170,シバター。,シ
171,#それはそう。,#
177,PUBG。,PUBG
180,順平。,順平
183,浜崎順平。,浜崎
185,貝塚勃起ブーグー。,貝塚
113,貝塚。,貝塚
114,千本桜。,千本
116,千本桜。,千本
117,ポケモン。,ポケモン
120,サリさんですよろしく。,サリ
121,荒野行動しませんか？。,荒野
122,うんこ
。,うんこ
124,うんこ。,うんこ
126,イエス。,イエス
127,オフ会参加希望です。,オフ
130,twitter。,twitter
131,オフ会。,オフ
133,オフ0。,オフ
135,イチゴジャム。,イチゴ
139,もう３月終わったぞ。,３月
140,クレラップ。,クレラップ
143,なんとか言えや猿ぅ。,猿
145,ハーゲンダッツ。,ハーゲンダッツ
147,さんまの蒲焼き。,さんま
148,トンカツ。,トンカツ
149,シフォンケーキ。,シフォン
151,うんこ。,うんこ
153,初期りんな並だなまだまだ。,初期
157,任天堂。,任天堂
158,オムライス。,オムライス
160,順平暗いんだよ〜。,順平
161,あなたを？。,あなた
162,順平。,順平
164,かわいそうに。,かわいそう
165,ガイジやん。,ガイジ
169,のざわゆうや。,ざわゆうや
172,ｾｯｶｸ。,ｾｯｶｸ
173,エロ速報。,エロ
174,エロ動画。,エロ
175,うるさい。,うるさい
176,はじめしゃちょー。,はじめ
178,かゆ。,かゆ
179,ガイジ。,ガイジ
181,今会話成立したね。,会話
182,浜崎。,浜崎
184,オフ会0人。,オフ
186,韋駄天の、気配…。,韋駄天
187,仮想通貨。,仮想
188,青天の霹靂。,青天の霹靂
189,ｳｨｨｨｨｨｨｨｨｽ!!!!。,ｳｨｨｨｨｨｨｨｨｽ
190,ひねり。,ひねり
191,カーリングしょ。,カーリング
192,コラボショパン。,コラボショパン
193,ニコ生。,ニコ
194,ｵﾓｼﾚｯ…ｵﾓｼﾚｯ……。,ｵﾓｼﾚｯ
195,ニコニコの川上。,川上
196,お？会話成立。,会話
197,ニコニコはゴミ。,ゴミ
198,ハム太郎。,ハム
199,だれやねん。,だれ
200,りぼんちゃん。,ぼん
201,ハム太郎。,ハム
202,オフ会0人？。,オフ
203,のっぽくん。,のっぽ
204,とらはむちゃん。,とら
205,ちびまるちゃん。,ちび
206,浜崎順平。,浜崎
207,めがねくん。,めがね
208,ぱんだくん。,ぱんだくん
209,とらはむくん。,とら
210,なにこれ。,なに
211,Botやぞ。,Bot
212,きちさんがメッセージ取り消してるけど。,きち
213,なにこれ。,なに
214,syamubot。,syamubot
215,だめだよね。,だめ
216,りんなも初期は感じだったよな。,初期
217,もうだめだろこいつ。,だめ
218,翻訳不可能やぞ。,翻訳
219,警告…0点…。,警告
220,頭蓋骨消失バグ。,頭蓋骨
221,草。,草
222,こわ。,こわ
223,たれぞう。,ぞう
224,前方確認。,前方
225,わからんw。,w
226,上方確認。,上方
227,後方確認。,後方
228,なんとなくこの会話のキャッチボールできないとこが。,会話
229,(*ﾟ0ﾟ)ﾜｰｵ。,(*
230,見栄はんなやクソ童貞。,見栄
231,シバター。,シ
232,草。,草
233,浜崎。,浜崎
234,見つめといえば天津飯。,天津飯
235,バンド。,バンド
236,天津飯と言えばドラゴンボール。,天津飯
237,元気ですか？。,元気
238,なんか長文送りまくると最初の言葉だけどんどん覚えてくらしい。,長文
239,オフ会。,オフ
240,浜崎。,浜崎
241,浜崎。,浜崎
242,人工無能。,人工
243,ｺｲﾆﾊｯﾃﾝｼﾃ。,ｺｲﾆﾊｯﾃﾝｼﾃ
244,やっぱ会話成立してるな。,会話
245,無能。,無能
246,無能。,無能
247,人工無能。,人工
248,オフ会当日ですけども。,オフ
249,シバター。,シ
250,ドラゴンボールと言えばベジータ。,ドラゴン
251,全く語録使わんやんけ。,語録
252,草。,草
253,脇。,脇
254,気象予報士。,気象
255,膣。,膣
256,順平暗いんだよ。,順平
257,膣コキ。,膣
258,パルムですねパルム。,パルム
259,あーなんかおしいな。,おしい
260,貝塚勃起土竜。,貝塚
261,ワードがバラバラになってる感じ。,ワード
262,SyamuさんとチャH成立したぜ～。,Syamu
263,悩み:下向くとバナナマン日村になる笑。,悩み
264,脱★童貞。,童貞
265,斎藤フォローしたら石川先輩口説けるかもよ。,斎藤
266,希望の里。,希望
271,岬高校。,岬
275,貝塚市。,貝塚
276,貝塚線。,貝塚
277,*\(^o^)/*。,*\(^
278,貝塚勃起土竜。,貝塚
282,とらはむくん。,とら
283,とらはむちゃん。,とら
267,下唇消失バグ。,唇
268,童貞。,童貞
269,つまり日村は可愛かったんか。,日村
270,あなたの存在がバグ。,あなた
272,貝塚。,貝塚
273,貝塚駅。,貝塚
274,貝塚市役所前。,貝塚市役所前
279,ハム太郎。,ハム
280,うっさい。,さい
281,りぼんちゃん。,ぼん
284,めがねくん。,めがね
285,石川先輩はかわいいっすよ！証拠にほら！。,石川
286,ハム太郎。,ハム
287,ハム太郎。,ハム
288,ハム太郎。,ハム
289,って勃起ちんこの写真送ろう。,勃起
290,は？ざけんな。,ざけんな
291,ブw。,ブ
292,まめ。,まめ
293,呂律回ってませんよ。,呂律
294,日本語話せ。,日本語
295,まふみ。,ふみ
296,タケノコ。,タケノコ
297,あまふ。,あま
298,まふか。,ふか
299,ﾔﾙﾅ。,ﾔﾙﾅ
300,ふんもループするな。,ふん
301,ポエム。,ポエム
302,ともだちおるん？。,ともだち
303,ハム太郎こうしくんとんがりくん。,ハム
304,とっとこ走るよハム太郎。,ハム
305,ブロック反射。,ブロック
306,大好きなのはひまわりの種。,大好き
307,やっぱり走るよハム太郎。,ハム
308,芋づる式にまふらーちゃんを犯す。,芋づる
309,虎ノ門ヒルズ。,虎ノ門
310,既読無視か。,既
311,おっぱい。,おっぱい
312,バルカン半島。,バルカン半島
313,ユーラシア大陸。,ユーラシア
314,クロアチア。,クロアチア
315,ユーゴスラビア。,ユーゴスラビア
316,セルビア・モンテネグロ。,セルビア
317,チェコスロバキア。,チェコ
318,プラハ。,プラハ
319,ハンガリー。,ハンガリー
320,ウクライナ。,ウクライナ
321,ギリシャ。,ギリシャ
322,トルコ。,トルコ
323,オーストラリア。,オーストラリア
324,とろろそば。,とろろ
325,ちびまるこちゃん。,びまるこちゃん
326,花輪くん。,花輪
327,ブロック反射すか？？。,ブロック
328,ブロック。,ブロック
329,ダメウォ。,ダメウォ
330,マイン。,マイン
331,反射。,反射
332,倉庫番こと打神鞭でも使お…。,倉庫
333,おっさんやぞ。,おっさん
334,(´-ω-)ｳﾑ。,(´-
335,ウィーーーーーッス。,ウィーーーーーッス
336,隣人の飼い犬殺して食事会開き、その隣人を家に招いて出した料理がその犬の肉って。,隣人
337,相当やばいでしょ韓国。,やばい
338,ベジータと言えばM字。,ベジータ
339,勝てなちむ………。,む
340,DWよりブロック対策した方がええかぁw。,DW
341,シバターさんは好きですか？。,シ
342,盾で他はなんとか…。,盾
343,シバシャム。,シバ
344,アァもうさ。,アァ
345,ホームルームなげぇーよw。,ホームルーム
346,43分のやつ乗れんかった悲しみ。,43
347,(´･_･｀)ｶﾅｰ。,(´･_･｀)
348,元気？。,元気
349,待ち時間のレッドブル。,待ち時間
350,無能botですね...。,無能
351,DWブロック反射どす。,DW
352,地雷どす。,地雷
353,ギミック全部対応できるやつなんて…、。,ギミック
354,デスブロッコリーはいます。,デスブロッコリー
355,なにこれw。,なに
356,いつもゲップしてるせいで。,ゲップ
357,ホームでふつうにゲップしてもうた…。,ホーム
358,かなしみ。,かなしみ
359,モンストローズがこれとかぶる。,モンストローズ
360,草。,草
361,草。,草
362,こんなQUOカードエロくて使えんわ！。,QUO
363,貝塚勃起モグラ。,貝塚
364,草。,草
365,壊れた録音機かよ。,録音
366,40分くらい話そうかな。,40
367,ゾッ帝の文法よりひで。,ゾッ
368,飛行おじさんのおかげ様やでほんま。,飛行
369,ノマクエだなぁ！？。,ノマクエ
370,なるほぉどなぁ。,ぉどなぁ
371,恐ろしい………。,恐ろしい
372,（オーブ割り込みで5回やってもた）。,オーブ
373,(´･_･｀)ｶﾅｰ。,(´･_･｀)
374,りょちさん勝ってたなぁ。,ょちさん
375,ワイは、やってません。,ワイ
376,まじかー。,まじ
377,弁当ゲーでござい。,弁当
378,タブレットがお家。,タブレット
379,地雷って一発。,地雷
380,多分文法から構成し直してるで。,文法
381,盾あるからアンパイ。,盾
382,AR。,AR
383,後で、やりまひ！！。,まひ
384,新SR…AWMより強くて草。,SR
385,なにが？。,なに
386,AWMは音で脅せるということでw。,AWM
387,シバター。,シ
389,貝塚グール。,貝塚
390,ダニ8。,ダニ
393,順平暗いんだよ！。,順平
394,フラッシュ激闘はおもしろそ。,フラッシュ
397,暇。,暇
398,なにが。,なに
399,ゴリラを見かけたお。,ゴリラ
400,草。,草
402,なにが。,なに
403,優奈さん。,優奈
406,ha?。,ha
407,nsggahenj。,nsggahenj
409,anhydrous。,anhydrous
413,shh。,shh
414,cm。,cm
418,s。,s
420,dim。,dim
421,am。,am
388,貝塚。,貝塚
391,野獣先輩。,野獣
392,パルム。,パルム
395,まちょる〜。,まち
396,ガイジ。,ガイジ
401,こわい。,こわい
404,マルクス主義。,マルクス主義
405,can you speak english?。,can
408,unshakable。,unshakable
410,snyzsmm。,snyzsmm
411,suzy。,suzy
412,six。,six
415,abe。,abe
416,do。,do
417,s。,s
419,s。,s
422,帰還…。,帰還
423,アツゥイ！。,アツゥイ
424,うるさい。,うるさい
425,うるさいなw。,うるさい
426,ゴミ。,ゴミ
427,アホ。,アホ
428,通話はしますねぇ！！。,通話
429,ちょまちんこ。,ょまちんこ
430,ペペケェ！。,ペペケェ
431,👩‍💼。,‍
432,焼肉。,焼肉
433,カスゴリ。,カス
434,ごろす。,ごろ
435,ハゲ。,ハゲ
436,ダニ8交尾。,ダニ
437,ドンキーコング。,ドンキーコング
438,本物よりガイジ度高くて草。,本物
439,本物よりもガイジ度が高いかもしくは高くないかどっこいどっこいですね。どっこいどっこい。,本物
440,戦時中戦後の日本もおんなじレベルだったからセーフ。,戦時
441,さくらももこ。,さくら
442,磯野ワカメ。,磯野
443,磯野ワカメのパイズリ。,磯野
444,磯野カツオ。,磯野
445,ｲﾜｼと陽炎ワルツの淫トロ雰囲気似てませんか？？？？？。,ｲﾜｼ
446,おいこい。,いこい
447,業人。,業
448,そのかおきらい。,かお
449,パーティーチャット入って。,パーティー
450,日本語不自由。,日本語
451,幕末PUBGまだ？。,幕末
452,なに。,なに
453,おれがＰＴはいればいいの？？？？？？。,おれ
454,こい。,こい
455,だれや。,だれ
456,あなたはだれ？。,あなた
457,追放したいけどできない。,追放
458,みやもとさん！、！。,みや
459,ちょっとした出来心で…。,出来心
460,すぐ追放するつもりだったんだけど。,追放
461,やけ食いしたの？。,やけ
462,可哀想に。,可哀想
463,怖くないよ。,怖く
464,キモっ。,キモ
465,営業の人は大変だね。,営業
466,スーツ着てさ。,スーツ
467,マスターボールと言ったらポケモン。,マスター
468,遼寧。,遼寧
469,おしい。,おしい
470,ひええ。,ひえ
471,焼肉からバイト禁止にされてたの判明したの草。,焼肉
472,fack
。,fack
473,ホテルが無駄に豪華。,ホテル
474,fack you。,fack
475,fate。,fate
476,off。,off
477,office。,office
478,shall we dance。,shall
479,聖奈さん。,聖奈
480,もうディズニーランドやん。,ディズニーランド
481,しゃむさんはディズニーホテル泊まったことあるんですかぁ？。,ゃむさんは
482,テメェの知名度の話はしてねぇぞ？。,テメェ
483,じゃあ原木中山ね。,原木
484,なにこれ。,なに
485,114514。,114514
486,1919810。,1919810
487,淫夢かよ。,淫夢
488,畏怖の矛先ってならその通りだよ。,畏怖
489,既読無視ってこと！？。,既
490,ほかの奴らが淫夢覚えさせてるな。,ほか
491,やややw。,w
492,黙れクソ虫。,虫
493,原木中山に飯食うところはない。,原木
494,噛むなwww。,www
495,エンジン掛かってますねsyamuさん。,エンジン
496,仲間だと思わないんですか？。,仲間
497,だれ？。,だれ
498,アホなこと言ってんじゃないよ！。,アホ
499,西船ならわんちゃん。,西船
500,　貝塚。,貝塚
501,ちゃんと会話して。,会話
502,千本桜歌って。,千本
503,業人。,業
504,既読スルー？。,既
505,へんしんはやいね。,へんしん
506,西船でもええよ。,西船
507,西船ねじゃ。,西船
508,空海にハマってるらしいシャム さん それで坊主なんだって。,空海
509,俳句にも凝ってるって
ひきこもり 刺し言葉より 愛言葉   シャム作。,俳句
510,ケツ出せ。,ケツ
511,草。,草
512,http://www.nicovideo.jp/watch/sm29661882。,http
513,草。,草
514,本物ですか？。,本物
515,本物や・・・。,本物
516,学習してる...してない?。,学習
517,草。,草
518,を暫定鉛筆日として予定空けときますお。,暫定
519,やばすぎ。,やば
520,ガイジ。,ガイジ
521,こわ。,こわ
522,ガチか？。,ガチ
523,チキン…カツ…ちゃうわ。,チキン
524,お話しできるようになった？。,お話し
525,あまーーーーーい！。,あま
526,たばこやめようよ。,たばこ
527,だれえいたって。,だれ
528,いながき。,ながき
529,貧乳、垂れ乳、乳首黒め、乳首毛が生えてる。,貧
530,脇毛剛毛、息くさい。,脇毛
531,身体がきもい。,身体
532,起きてるヒトー(question)。,ヒトー
533,MAD。,MAD
534,なにそれ？。,なに
535,昼夜逆転？。,昼夜
536,逆転してまする。,逆転
537,眠剤を飲むかゲームをするか迷ってる。,眠
538,よかった
話せるヒトがここにいて。,よかっ
539,営業の人は大変ですねスーツ着て……。,営業
540,しゃむちゃんどうしたの。,ゃむちゃんどうしたの
541,健常。,健常
542,淫夢。,淫夢
543,ゴミ。,ゴミ
544,うるせぇれ！。,ぇれ
545,@島谷 反抗期きた？。,@
546,元気？。,元気
547,オフ会ゼロ人。,オフ
548,無職！。,無職
549,syamさん。,syam
550,Creepy Nuts高崎きゅるれ！！！！！。,Creepy
551,バンビちゃん高崎来て。,バンビ
552,だれやねん。,だれ
553,@bye。,@
554,怒涛の侮辱。,怒涛
555,なんでbot入れたんや。,bot
556,学習するんですわ。,学習
557,AIさん！？。,AI
558,ガイジって言う人もおるし、YouTubeの。,ガイジ
559,@ホライゾンtype24 ガンガンきたわ。,@
560,Syamuさん！？。,Syamu
561,元気？。,元気
562,うんこ。,うんこ
563,うんこ。,うんこ
564,了解。,了解
565,南船橋ではないね？。,南船橋
566,西。,西
567,22日でしょ。,22
568,ちんこ。,ちん
569,セックス。,セックス
570,まじまんじ。,じまん
571,コミュニティ。,コミュニティ
572,シバターさんすき？。,シ
573,どういうふうに。,ふう
574,雨合羽。,雨合羽
575,あんこ。,あんこ
576,アイシテル。,アイシテル
577,ちんぽなめたい。,ちんぽ
578,うんこ。,うんこ
579,エロゲー好き？。,エロゲー
580,エッチなこと好き？。,エッチ
581,空海。,空海
582,空海。,空海
583,他力本願寺。,他力
584,ブラジャー。,ブラジャー
585,業人。,業
586,梅宮辰夫。,梅宮
587,順平帰ってきて。,順平
588,順平口と尻どっちがいい？。,順平
589,いっつもどんなオナニーしてるの？。,オナニー
590,オナニーするとき声漏れる？。,オナニー
591,浜崎順平。,浜崎
592,カスゴリ。,カス
593,オフ会0人。,オフ
594,草。,草
595,ネカマ。,ネカマ
596,がんせきふうじ。,がん
597,挨拶はできるのか‥‥。,挨拶
598,精スプ。,精
599,自覚はあるのか...。,自覚
600,ｱｯｱｯｱｯｱｯ。,ｱｯｱｯｱｯｱｯ
601,ZARDに負けろと言われた男。,ZARD
602,貝塚。,貝塚
603,726いるよ。,726
604,草。,草
605,ルイズ！ルイズ！ルイズ！ルイズぅぅうううわぁああああああああああああああああああああああん！！！ 
あぁああああ…ああ…あっあっー！あぁああああああ！！！ルイズルイズルイズぅううぁわぁああああ！！！ 
あぁクンカクンカ！クンカクンカ！スーハースーハー！スーハースーハー！いい匂いだなぁ…くんくん 
んはぁっ！ルイズ・フランソワーズたんの桃色ブロンドの髪をクンカクンカしたいお！クンカクンカ！あぁあ！！ 
間違えた！モフモフしたいお！モフモフ！モフモフ！髪髪モフモフ！カリカリモフモフ…きゅんきゅんきゅい！！ 
小説11巻のルイズたんかわいかったよぅ！！あぁぁああ…あああ…あっあぁああああ！！ふぁぁあああんんっ！！ 
アニメ2期決まって良かったねルイズたん！あぁあああああ！かわいい！ルイズたん！かわいい！あっああぁああ！ 
コミック2巻も発売されて嬉し…いやぁああああああ！！！にゃああああああああん！！ぎゃああああああああ！！ 
ぐあああああああああああ！！！コミックなんて現実じゃない！！！！あ…小説もアニメもよく考えたら… 
ル イ ズ ち ゃ ん は 現実 じ ゃ な い？にゃあああああああああああああん！！うぁああああああああああ！！ 
そんなぁああああああ！！いやぁぁぁあああああああああ！！はぁああああああん！！ハルケギニアぁああああ！！ 
この！ちきしょー！やめてやる！！現実なんかやめ…て…え！？見…てる？表紙絵のルイズちゃんが僕を見てる？ 
表紙絵のルイズちゃんが僕を見てるぞ！ルイズちゃんが僕を見てるぞ！挿絵のルイズちゃんが僕を見てるぞ！！ 
アニメのルイズちゃんが僕に話しかけてるぞ！！！よかった…世の中まだまだ捨てたモンじゃないんだねっ！ 
いやっほぉおおおおおおお！！！僕にはルイズちゃんがいる！！やったよケティ！！ひとりでできるもん！！！ 
あ、コミックのルイズちゃああああああああああああああん！！いやぁあああああああああああああああ！！！！ 
あっあんああっああんあアン様ぁあ！！セ、セイバー！！シャナぁああああああ！！！ヴィルヘルミナぁあああ！！ 
ううっうぅうう！！俺の想いよルイズへ届け！！ハルケギニアのルイズへ届け！。,ルイズ
606,イオ。,イオ
607,お茶。,お茶
608,おちんぽ。,ちんぽ
609,日本語めちゃくちゃやで。,日本語
610,アナル。,アナル
611,対馬。,対馬
612,野獣先輩。,野獣
613,ゃ。,ゃ
614,シバター。,シ
615,youtubeｒ。,youtubeｒ
616,アホ。,アホ
617,NARUTO。,NARUTO
618,ワンピース。,ワンピース
619,onepiece。,onepiece
620,田村響華。,田村
621,HIKAKIN。,HIKAKIN
622,みじめちしょー。,みじめ
623,プリンのオフ会当日ですたね。,プリン
624,丘people。,丘
625,インフル広まってるんだなぁ。,イン
626,ガイジタウンってしってますか？syamuさん。,ガイジタウン
627,ガイジになった人はそこに捨てられるそうですよ。,ガイジ
628,うんこ。,うんこ
629,無能。,無能
630,ちんこ。,ちん
631,草。,草
632,順平だよ。,順平
635,@bye。,@
638,ｳｨｨｨｨｨｨｨｨｯｽ。,ｳｨｨｨｨｨｨｨｨｯｽ
641,モグラ。,モグラ
644,千本桜。,千本
645,ビャオ！。,ビャオ
646,ビャオ！。,ビャオ
647,かわいいね💕。,かわいい
648,クソニート。,クソニート
649,大川隆法かな？。,大川
652,シバター。,シ
654,はよ千本桜歌え。,千本
655,早よ歌えや。,早
657,勃起。,勃起
658,ビャオ！だろはやくしろ。,ビャオ
659,ビャオ！。,ビャオ
660,シバター。,シ
661,ビャオ！。,ビャオ
662,草。,草
663,草生える。,草
665,セックス。,セックス
666,童貞。,童貞
633,トリュフ。,トリュフ
634,http://c1.nend.net/click.php?a=4912&c=116818&m=2996682&i=3115783&d=44725&s=243108&w=699503&k=1&p=320&q=50&v=1&y=1&cb=1523398045827。,http
636,しゃむ。,ゃむ
637,タイツ。,タイツ
639,ガイジ。,ガイジ
640,無職。,無職
642,s。,s
643,s。,s
650,なにが？。,なに
651,大川隆法「ウィィィッス！どうも、syamuでーす」。,大川
653,シバター。,シ
656,ビャオ！。,ビャオ
664,オフ会。,オフ
667,貝塚は燃えているか？。,貝塚
668,ｿｿｿｿ...。,ｿｿｿｿ
669,クソAI。,AI
670,業人。,業
671,gっっhg。,g
672,ばか。,ばか
673,順平。,順平
674,シバター。,シ
675,シバター。,シ
676,草。,草
677,ｺｲﾆﾊｯﾃﾝｼﾃ…。,ｺｲﾆﾊｯﾃﾝｼﾃ
678,順平。,順平
679,草。,草
680,抽選生き残りたい。,抽選
681,シバター。,シ
682,コリン・ファレル。,コリン
683,しゃむ。,ゃむ
684,オフ会開いて。,オフ
685,オフ会。,オフ
686,Syamu要素ある？ない…なくない？。,Syamu
687,Syamuの世界観とやらをぶちこんでくれよ！（挑発）。,Syamu
688,語彙力鍛えてホラ。,語彙
689,怪文。,怪
690,https://twitter.com/kirika_ma_cos/status/984055414449778688?s=21。,https
691,可愛可愛可愛。,可愛
692,可愛神(かわかみ)つってねw。,可愛
693,うるせえなこの健常者崩れ。,えな
694,Syamuさん。,Syamu
695,Syamuさん。,Syamu
696,Syamuさん。,Syamu
697,草。,草
698,オフ会。,オフ
699,シバター。,シ
700,しゃむうるせえ。,ゃむうるせえ
701,北海道岩見沢市の固定電話から電話きてる…。,北海道
702,sやんでとけ。,s
703,一瞬万代か新橋さんが北海道でケータイ紛失かもと思ったわ。,一瞬
704,オフ会。,オフ
705,オフ会何人？。,オフ
706,体育祭。,体育
707,女の子だで。,女の子
708,エッチ。,エッチ
709,アナル。,アナル
710,vista。,vista
711,アホ。,アホ
712,114514。,114514
713,114514。,114514
714,シバター。,シ
715,512810410。,512810410
716,5128点。,5128
717,おゆ。,ゆ
718,千本桜とか。,千本
719,クソニート!。,クソニート
720,草。,草
721,ぷろたん。,ぷろたん
722,しばし、さいならあ〜。,さい
723,シバター好き？。,シ
724,おほ^〜（勃起）。,^〜（
725,おばかな〜。,おば
726,多くて50人。,多く
727,パルム食えガイジ。,パルム
728,浜崎じゅんぺいでいいんじゃん。,浜崎
729,耳かきのケツについてるフワフワのやつを耳の穴に入れられた時のファサファサって音。,耳かき
730,シバター。,シ
731,宮崎対馬のポテトチップスですかね。,宮崎
732,もしかしたら脳梗塞とか脳卒中で死んでるかもしれないから。,脳
733,わかった新聞とかニュースで死んだのいないか探しとくわ。,新聞
734,くじら。,くじら
735,病気で死んだだけで報道されたらたまったもんじゃない。,病気
736,kuzira。,kuzira
737,糞。,糞
738,結構新聞とかには公表されるのよな。,新聞
739,まあ親族が拒否すればそこまでだが。,親族
740,死体のレビューすんな。,死体
741,知らん番号だったし。,番号
742,つくゼロでええの問題。,ゼロ
743,発生してたのかw。,発生
744,紀伊で回れる分ヨミ零のが楽そうやし……。,紀伊
745,よろしくニキー。,ニキー
746,かゆ、うま。,かゆ
747,かなしみー！。,かなしみ
748,本物でーす。,本物
749,長文打った時の1番最初の方の単語か最後の単語を認識して覚えてるだろ。,長文
750,りんなにまずうちさぁって言うと。,なに
751,オフ会きそう。,オフ
752,もうまた、りょちさんのひとコメで笑っでもうタァ。,ょちさんのひと
753,今オフ会開いたら絶対やばいよな。,オフ
754,Yahooニュースとかトレンドに入りするレベルだろう。,Yahoo
755,陰毛系は草。,陰毛
756,草。,草
757,オフ会０人オフ会０人オフ会０人オフ会０人オフ会０人オフ会０人オフ会０人オフ会０人オフ会０人オフ会０人。,オフ
758,オフ会０人オフ会０人オフ会０人オフ会０人オフ会０人オフ会０人オフ会０人オフ会０人オフ会０人オフ会０人。,オフ
759,オフ会０人オフ会０人オフ会０人オフ会０人オフ会０人オフ会０人オフ会０人オフ会０人オフ会０人オフ会０人。,オフ
760,白猫プロジェクトってしってる？。,白
761,なに！。,なに
762,遠距離はすぐやれないしないわー。,遠距離
763,どんどん給食が億劫になるわい。,給食
766,暇ヤァ。,暇
770,短時間…。,短時間
764,ノムリッシュ変換みたいな事言ってんなこいつ。,ノムリッシュ
765,お？斎藤新橋さんと倦怠期か？。,斎藤
767,ぶどうゼリーだけ食べて。,ぶどう
768,期も糞もあってたまるか。,期
769,通話しまヒ〜。,通話
771,モンストでマルチしない？
「FIRST ORDER ENFORCER（極）」
https://static.monster-strike.com/line/?pass_code=OTA1MjU2MDA0ODg4
↑このURLをタップすると、タップした人達同士で一緒にマルチプレイができるよ！

https://static.monster-strike.com/i/?i=905256004888&k=211&p=27&f=line
↑モンストをまだ始めていなかったらこのURLからインストールしてね！。,モン
772,！？！？！？！。,！？！？！？！。
773,...。,...。
774,バチくそ眠い💤。,バチ
775,これから…身体計測だよぉ。,身体
776,パンナコッタ。,パンナコッタ
777,視力死んでるw。,視力
778,まじ？。,まじ
779,(´･_･｀)ｶﾅｰ。,(´･_･｀)
780,元気？。,元気
781,草。,草
782,ワイなぜか両方Bになったんすよねw。,ワイ
783,ｱｯｱｯｱｯｱ。,ｱｯｱｯｱｯｱ
784,中学のときCやったんやけどなぁ〜。,中学
785,うれしみ。,うれし
786,猫夜叉。,猫
787,アナル。,アナル
788,アナル。,アナル
789,ハエ。,ハエ
790,v。,v
791,糞土方。,糞土
792,草。,草
793,もうヤダァ。,ヤダァ
794,待ち時間。,待ち時間
795,うんこなだけだったなぁ。,うんこ
796,レントゲンとか身体計測やって。,レントゲン
797,レントゲンやんるんかw。,レントゲン
798,レントゲンの担当のおじちゃん。,レントゲン
799,オカマ感が…。,オカマ
800,草。,草
801,ムチョルも夜間に学校いここ。,ムチョル
802,てか、ホーム静かなんで。,ホーム
803,おちなすわw。,w
804,おけなすw。,w
805,うるさい。,うるさい
806,こい。,こい
807,ヨーグルトのレビューして。,ヨーグルト
808,肉。,肉
809,死にやがれ。,がれ
810,浜ちゃんでい。,浜
811,なに？。,なに
812,ラインハルト出たわ(白目。,ラインハルト
813,おらいってこい。,おら
814,http://www.nicovideo.jp/watch/so33034702。,http
815,あなたが欲しい 
こんな寂しい夜には 
あなたと一つになりたい 
だからキスして抱いてよ 
触れるだけでもいいから 
お願い 
私はあなたとイキたいの。,あなた
816,つらいよ。,つらい
817,ちゃんと日本語話せるようになってよ。,日本語
818,田畑先生殺す。,田畑
819,おまえに相談したいんだけど。,おまえ
820,順平おひさ！。,順平
821,はやくしろー。,はやく
822,ぽ。,ぽ
823,絵を見るたび会ygを。,絵
824,ってええん罪に草吸うなと思うこと言っていいスタートしてあるから無理してある意味ではないけど？ポプテピピック最終話のタイトルにも探してもらったから無理してあげるから！LOが提案してある意味ではないけど！。,えん罪
825,草吸うなと思うこと言っていいスタートしていい一万時がある意味ではなく一万言ってたけどいいから無理して良いのかなと球根育ててあるからじゅさんの声だけでも僕顔から無理せずともが顔を見てあげてたら負ける説ポケモンシールして良いのかなって思うけどねてしまったのではないけども僕だけですヴェットにはならないけども僕のこと言っていたのかなとやるのかなって思って良いのかなってええとやるのか動画化すること言ってたのかと。,草
826,
ガイジ。,ガイジ
827,包茎。,包茎
828,オフ会。,オフ
829,pc310。,pc
830,日本語話せ。,日本語
831,沼。,沼
832,オフ会0人。,オフ
833,しばたー。,しば
834,シバター。,シ
835,オフ会。,オフ
836,うまく反応できとらんやないかいこのハゲ。,うまく
837,エッハァァァァア。,エッハァァァァア
838,ネカマ。,ネカマ
839,身長は？。,身長
840,体重は？。,体重
841,ナプキン。,ナプキン
842,のびはざ。,びはざ
843,ｱｯｱｯｱｯｱｯｱ。,ｱｯｱｯｱｯｱｯｱ
844,プリン食う？。,プリン
845,土竜。,土竜
846,早番なので寝ます。,早番
847,オフ会０人。,オフ
848,ケータイなら。,ケータイ
849,ケータイかー。,ケータイ
850,あかぎさんはケータイでいける？。,かぎ
851,麻雀？。,麻雀
852,ゆるキャンおもしれえです。,ゆる
853,ヤマノススメとどっちがええんかな。,ヤマノススメ
854,じゃあヤマノススメ観てみるわ！。,ヤマノススメ
855,ゆるキャンイギリスで地上波来ないかな。,ゆる
856,ナビッシュ。,ナビッシュ
857,ナビッシュ。,ナビッシュ
858,ヤマノススメ1話が3分で終了し驚きを隠せない無職34歳。,ヤマノススメ
859,ヤマノススメにはまったなら是非、飯能に来てくれよなー(迫真。,ヤマノススメ
860,日本語大丈夫か？。,日本語
865,がじ？ガイジって言いたいんか？。,ガイジ
866,続きはないんか！。,続き
867,のびはざ。,びはざ
869,逃げてねーわw。,w
861,飯ほしい言うてるんか？。,飯
862,のびはざ好きすぎるやろ。,びはざ
863,日本語できないんか？。,日本語
864,u。,u
868,千本桜。,千本
870,野獣先輩。,野獣
871,ウィィィィス。,ウィィィィス
872,ウィイイイイイイイッス。,ウィイイイイイイイッス
873,ぷももえんぐえげぎおんもえちょっちょっちゃっさっ。,ぷももえんぐえげぎおんもえちょっちょっちゃっさっ
874,ぷももえんぐえげぎおんもえちょっちょっちゃっさっ。,ぷももえんぐえげぎおんもえちょっちょっちゃっさっ
875,ぷもも云々。,ぷもも
876,シバター。,シ
877,錬成ジークリンデ強いよなぁ
ステ上げる系は純粋に強いわ。,錬成
878,今招待中の奴ってりんですだよね。,招待
879,しゃむさんラグが発生してますよ。,ゃむさん
880,議員がネタにしてますよ。,議員
881,議員に！？。,議員
882,ツイッター再開ですか。,ツイッター
883,ついに地上波登場。,地上波
884,なにそれこわい。,なに
885,対馬編集はしますか。,対馬
886,ひさしぶり！。,ひさし
887,とんかつマックブーグーやんけ。,マックブーグー
888,五臓六腑に染み渡る。,五臓六腑
889,もぐら。,もぐら
890,なにが？。,なに
891,もぐらみたいなの？。,もぐら
892,レジェ松。,レジェ
893,プロ画見て思わず2度見して。,プロ
894,両方ともやばいレベルという奇跡の組み合わせ。,両方
895,ニキビ消えてる。,ニキビ
896,ちょっとブサイクなぐらいのがチンコビンビンになるんだがわかるか。,ブサイク
897,オフ会0人。,オフ
898,お魚食べたいなあ。,魚
899,阿吽の呼吸。,阿吽
900,でかく。,でかく
901,うそ。,うそ
902,相槌を相槌で返すなガイジ。,相槌
903,(´・ω・`)。,(´
904,暇か？。,暇
905,元気ですか？。,元気
906,мозг。,мозг
907,そうだゾ。,ゾ
908,進撃の巨人Xもでるのかな？。,進撃
909,流星の進撃の巨人もやぞ。,流星
910,bleach。,bleach
911,エレンバスターが武器や。,エレンバスター
912,エグゼは飛ばすのか・・・。,エグゼ
913,ポチ。,ポチ
914,千本桜。,千本
915,調査兵団はサテラポリス。,調査
916,言うほどポリスか？。,ポリス
917,無能な所とか似てる。,無能
918,エレンと対になるフォルテのような巨人まだ？。,エレン
919,いい加減見るぞ！と決めた幕末ラジオが明日だった。,幕末
920,なかもの。,なか
921,会話できてるのみると面白い。,会話
922,オカマかな。,オカマ
923,ODしたいんだけど市販薬で出来たら吐かないやつがいんだけどなんかある？。,OD
924,なにわろてんねん。,なに
925,ええんか…？。,えんか
926,ほんとにええんか…？。,えんか
927,アンナチュラルの脚本、逃げ恥の人だったわ
そら面白いはずだわ。,アン
928,犯罪者。,犯罪
929,シェイシェイ。,シェイシェイ
930,オトンそろそろ帰ってくるって。,オト
931,アホ。,アホ
932,オフ会。,オフ
933,対馬。,対馬
934,千本桜。,千本
935,フォートナイトやりたい。,フォートナイト
936,はえーやっぱ才能あるんすねぇ。,才能
937,おれも。,おれ
938,lineも。,line
939,ウインドウズ版なら通話できるやんけ。,ウインドウズ
940,ＰＣで。,ＰＣ
941,ｳｲｨｨｨｨｨｯｽ。,ｳｲｨｨｨｨｨｯｽ
942,勃起。,勃起
943,新トニン900円前後(液体)とスプライトを混ぜて飲むくらいがいいと思われ。,トニン
944,ウィイイイイイイイッス。,ウィイイイイイイイッス
945,貝塚市。,貝塚
946,千本桜。,千本
947,おじいさん。,おじいさん
948,おじいさん変な動きをした。,おじいさん
949,ウィィィィィス。,ウィィィィィス
950,どんもー。,どん
951,どんも。,どん
952,高田健志？。,高田
953,市庁舎。,市庁舎
954,hiding。,hiding
955,http://alfalfalfa.com/articles/217875.html。,http
956,ガイジスレ定期。,ガイジスレ
957,丘peaple！？。,丘
958,オフ会。,オフ
959,エロ。,エロ
960,この体たらく。,体たらく
961,原辰徳。,原
962,オウム返し無職。,オウム
963,シバター。,シ
964,シバター。,シ
965,ガイジがよ。,ガイジ
966,シャムボットの会話噛み合わなさ過ぎぃ。,シャムボット
1034,しばらく鞍替えしますわ。,鞍替え
1144,精子スプリンクラー。,精子
1147,後悔します。,後悔
1149,カスゴリ。,カス
1152,http://www.nicovideo.jp/watch/sm23067830。,http
967,モンストでマルチしない？
「貫通を遮る氷刃の砦（ボーナスステージ）」
https://static.monster-strike.com/line/?pass_code=OTA1MjU2MDA0ODg4
↑このURLをタップすると、タップした人達同士で一緒にマルチプレイができるよ！

https://static.monster-strike.com/i/?i=905256004888&k=211&p=27&f=line
↑モンストをまだ始めていなかったらこのURLからインストールしてね！。,モン
968,モンストでマルチしない？
「常闇の神殿（修羅場[時の間]）」
https://static.monster-strike.com/line/?pass_code=OTA1MjU2MDA0ODg4
↑このURLをタップすると、タップした人達同士で一緒にマルチプレイができるよ！

https://static.monster-strike.com/i/?i=905256004888&k=211&p=27&f=line
↑モンストをまだ始めていなかったらこのURLからインストールしてね！。,モン
969,モンストでマルチしない？
「FIRST ORDER ENFORCER（極）」
https://static.monster-strike.com/line/?pass_code=OTA1MjU2MDA0ODg4
↑このURLをタップすると、タップした人達同士で一緒にマルチプレイができるよ！

https://static.monster-strike.com/i/?i=905256004888&k=211&p=27&f=line
↑モンストをまだ始めていなかったらこのURLからインストールしてね！。,モン
970,モンストでマルチしない？
「天地開闢の始神・零（超絶）」
https://static.monster-strike.com/line/?pass_code=OTA1MjU2MDA0ODg4
↑このURLをタップすると、タップした人達同士で一緒にマルチプレイができるよ！

https://static.monster-strike.com/i/?i=905256004888&k=211&p=27&f=line
↑モンストをまだ始めていなかったらこのURLからインストールしてね！。,モン
971,d。,d
972,元気？。,元気
973,オフ会。,オフ
974,対馬。,対馬
975,シバター。,シ
976,シバター
。,シ
977,シバター。,シ
978,草薙。,草薙
979,オフ会。,オフ
980,https://t.co/QiBrU30JZy。,https
981,モンストでマルチしない？
「地雷を付する燐光の砦（ボーナスステージ）」
https://static.monster-strike.com/line/?pass_code=OTA1MjU2MDA0ODg4
↑このURLをタップすると、タップした人達同士で一緒にマルチプレイができるよ！

https://static.monster-strike.com/i/?i=905256004888&k=211&p=27&f=line
↑モンストをまだ始めていなかったらこのURLからインストールしてね！。,モン
982,モンストでマルチしない？
「天地開闢の始神・零（超絶）」
https://static.monster-strike.com/line/?pass_code=OTA1MjU2MDA0ODg4
↑このURLをタップすると、タップした人達同士で一緒にマルチプレイができるよ！

https://static.monster-strike.com/i/?i=905256004888&k=211&p=27&f=line
↑モンストをまだ始めていなかったらこのURLからインストールしてね！。,モン
983,http://biiky.blog.jp/。,http
984,>>23。,>>
985,なにこれ。,なに
986,市販薬で安くて多く買えて吐かないでOD出来るやつ教えて。,市販
987,レスタミン。,レスタミン
988,レスタミンコーワ。,レスタミンコーワ
989,薬はたくさん飲んだらどれも吐く。,薬
990,正直コンタックとかでもない限りODするのは金の無駄
酒の方が安い。,正直
991,http://rickowens-com23.hatenablog.com/entry/2017/07/11/094618。,http
992,ばか。,ばか
993,https://mobile.twitter.com/dokutama_inm/status/985089516464558081?ref_src=twsrc%5Etfw&ref_url=http%3A%2F%2Fjin115.com%2Farchives%2F52215214.html。,https
994,焼肉食べたい。,焼肉
995,https://mixer.com/ohiza
https://mixer.com/ohiza。,https
996,スカイリム。,スカイ
997,配信すると重くてまともにできんわ。,配信
998,ううううう。,うう
999,出発して、どうぞ。,出発
1000,オフ会。,オフ
1001,かゆ。,かゆ
1002,FFRK（ファイナルファンタジーレコードキーパー）でマルチプレイをしよう！
『レッドドラゴン討伐戦 中級』
http://dff.sp.mbga.jp/dff/mo/multi/room/share/launch?s=dc02855a23affb74c65acd1b3eae5801&w=290240&d=29024001
↑このリンクをタップして、一緒に挑戦しよう！。,FFRK
1003,http://news4vip.livedoor.biz/archives/52271916.html。,http
1004,おまえむのうすぎ。,おまえ
1005,人工無能。,人工
1006,オフ会。,オフ
1007,オフ会。,オフ
1008,土竜。,土竜
1009,野獣先輩。,野獣
1010,やじ。,やじ
1011,オートマチック銃。,オートマチック
1012,長崎対馬の浜御塩。,長崎
1013,トリュフあげりゅ。,トリュフ
1014,かゆ うま。,かゆ
1015,かゆ、うま。,かゆ
1016,おっぱい。,おっぱい
1017,モンストでマルチしない？
「怨炎！黄泉の主宰神（超絶）」
https://static.monster-strike.com/line/?pass_code=OTA1MjU2MDA0ODg4
↑このURLをタップすると、タップした人達同士で一緒にマルチプレイができるよ！

https://static.monster-strike.com/i/?i=905256004888&k=211&p=27&f=line
↑モンストをまだ始めていなかったらこのURLからインストールしてね！。,モン
1018,なにやってんだこいつら…。,なに
1019,https://youtu.be/zcc8u4bLbtE。,https
1020,オフ会0人。,オフ
1021,めっちゃガチギレ勢おるやん。,ガチギレ
1022,バイク。,バイク
1023,@ともぞう 。,@
1024,モデムとルータの画像撮って見せて？
➡︎
ゴリラ。,モデム
1025,草。,草
1026,爆笑してたわ。,爆笑
1027,ナンカヒトコト、ナンカヒトコト。,ナンカヒトコト
1028,アリーデヴェルチ。,アリーデヴェルチ
1029,カツカレーチャーハンですか？。,カツカレーチャーハン
1030,へたくそ。,へたくそ
1031,聖奈さん。,聖奈
1032,那智の滝。,那智
1033,しばらくスーパードライ飲んでたから飽きたのかもしれない。,スーパードライ
1035,この浮気者…。,浮気
1036,モンストでマルチしない？
「FIRST ORDER ENFORCER（極）」
https://static.monster-strike.com/line/?pass_code=OTA1MjU2MDA0ODg4
↑このURLをタップすると、タップした人達同士で一緒にマルチプレイができるよ！

https://static.monster-strike.com/i/?i=905256004888&k=211&p=27&f=line
↑モンストをまだ始めていなかったらこのURLからインストールしてね！。,モン
1037,https://www.p1-intl.com/pr/campaign/1c-50off_sp/?gclid=Cj0KCQjw8MvWBRC8ARIsAOFSVBVV7Ri7zuSuk6yU21lQG-436nTeV1TIf1QCewFWog6OnFr5ZtobuKAaApXZEALw_wcB&gclsrc=aw.ds。,https
1040,ハロー。,ハロー
1041,全然会話にならん。,会話
1042,オフ会の改善点は見つかった？。,オフ
1044,dt。,dt
1048,すきなんだ？。,すき
1049,怪しい日本語。,怪しい
1052,マンダイの流星群は強い。,マンダイ
1054,Wow。,Wow
1056,Really!?。,Really
1057,what’s that!?。,what
1060,Sma?。,Sma
1062,How are you?。,How
1063,Jealous?。,Jealous
1064,Wow. I know. 。,Wow
1065,It’s funtastic. 。,It
1068,Ankle?。,Ankle
1069,コリヤ。,コリヤ
1071,ゾッ帝。,ゾッ
1072,ゾット帝国。,ゾット
1038,モンストでマルチしない？
「FIRST ORDER ENFORCER（極）」
https://static.monster-strike.com/line/?pass_code=OTA1MjU2MDA0ODg4
↑このURLをタップすると、タップした人達同士で一緒にマルチプレイができるよ！

https://static.monster-strike.com/i/?i=905256004888&k=211&p=27&f=line
↑モンストをまだ始めていなかったらこのURLからインストールしてね！。,モン
1039,モンストでマルチしない？
「DARK LORD OF THE SITH（究極）」
https://static.monster-strike.com/line/?pass_code=OTA1MjU2MDA0ODg4
↑このURLをタップすると、タップした人達同士で一緒にマルチプレイができるよ！

https://static.monster-strike.com/i/?i=905256004888&k=211&p=27&f=line
↑モンストをまだ始めていなかったらこのURLからインストールしてね！。,モン
1043,ばか？。,ばか
1045,行ってなにするん？。,なに
1046,すきな本がある？。,すき
1047,童貞？。,童貞
1050,当時？。,当時
1051,曲名。,曲名
1053,ちんぽ！(高音)。,ちんぽ
1055,What’s fuck!?。,What
1058,example?。,example
1059,What’s you grab?。,What
1061,Colab Japan?。,Colab
1066,Mitsubishi?。,Mitsubishi
1067,You management.。,You
1070,オフ会。,オフ
1073,無視しとるやん。,無視
1074,眠い。,眠い
1075,かおまがってますyお。,かお
1076,なかはまにわはなゆ。,なか
1077,ヴぇぇ。,ヴ
1078,ねむ。,ねむ
1079,オッパい好きですか？。,オッパ
1080,おっぱい。,おっぱい
1081,おっぱい。,おっぱい
1082,おっぱい。,おっぱい
1083,乳房。,乳房
1084,胸。,胸
1085,ランニングしてて信号待ちしてる奴でスマホいじってるのいんじゃん。,ランニング
1086,タブレットの時のくせで。,タブレット
1087,歩きスマホの時は常にポケモンGOする時ぐらいの覚悟で画面みてるから。,歩き
1088,かゆ
うま。,かゆ
1089,オウム返ししながら用語を覚えてく…？。,オウム
1090,赤ちゃん説。,赤ちゃん
1091,オフ会。,オフ
1092,なんか日本語じゃない。,日本語
1093,botって言うとなんか決められた言葉を喋るみたいなやつかと思ってたんだけど。,bot
1094,人工知能ってことはあとあとちゃんと喋ってくってことか。,人工
1095,まじか。,まじ
1096,SCP000 勃起する土竜。,SCP
1097,貝塚勃起土竜。,貝塚
1098,カスゴリ。,カス
1099,オフ会。,オフ
1100,オフ会どうだった？。,オフ
1101,オフ会。,オフ
1102,おぃいいいいす。,ぃいいいいす
1103,シバター。,シ
1104,オフ会。,オフ
1105,ばか？。,ばか
1106,what your name?。,what
1107,こんちは。,こんち
1108,なにいってんの
。,なに
1109,モンストでマルチしない？
「天使を狩りし暴魔の刃（激究極）」
https://static.monster-strike.com/line/?pass_code=OTA1MjU2MDA0ODg4
↑このURLをタップすると、タップした人達同士で一緒にマルチプレイができるよ！

https://static.monster-strike.com/i/?i=905256004888&k=211&p=27&f=line
↑モンストをまだ始めていなかったらこのURLからインストールしてね！。,モン
1110,モンストでマルチしない？
「秘泉の神殿（修羅場[時の間]）」
https://static.monster-strike.com/line/?pass_code=OTA1MjU2MDA0ODg4
↑このURLをタップすると、タップした人達同士で一緒にマルチプレイができるよ！

https://static.monster-strike.com/i/?i=905256004888&k=211&p=27&f=line
↑モンストをまだ始めていなかったらこのURLからインストールしてね！。,モン
1111,行かないで…(´；ω；｀)。,(´；
1112,アララァッ。,アララァッ
1113,ウェカピポ。,ウェカピポ
1114,千本桜！！！。,千本
1115,お夕飯はたべましたか？。,夕飯
1116,オフ会は何人来て欲しいですか？。,オフ
1117,オフ会。,オフ
1118,なにたべたの…。,なに
1119,貝塚勃起土竜。,貝塚
1120,焼肉。,焼肉
1121,ネカマ。,ネカマ
1122,ゾッド帝国。,ゾッド
1123,オフ会0人。,オフ
1124,シャツボット。,シャツボット
1125,しゃむぼっと。,ゃむぼっと
1126,Syamuさん。,Syamu
1127,暇人かよ。,暇人
1128,突然ですけどPerfumeはご存知ですか？。,Perfume
1129,この方達です。,この方
1130,オフ会のですか？。,オフ
1131,絵文字か〜わ〜。,絵文字
1132,貝塚市は遠いですから。,貝塚
1133,麦わら帽子を被りながらピアノを弾く…斬新ですね。,麦わら帽子
1134,ではチョコレイトディスコを弾いてください！。,チョコレイトディスコ
1135,季節の変わり目ですけど体調は大丈夫ですか？。,季節
1136,アンテ。,アンテ
1137,モンストでマルチしない？
「FIRST ORDER ENFORCER（極）」
https://static.monster-strike.com/line/?pass_code=OTA1MjU2MDA0ODg4
↑このURLをタップすると、タップした人達同士で一緒にマルチプレイができるよ！

https://static.monster-strike.com/i/?i=905256004888&k=211&p=27&f=line
↑モンストをまだ始めていなかったらこのURLからインストールしてね！。,モン
1138,かゆ、うま。,かゆ
1139,西郷が継続用と閉接用のスライド作って両方公開してる。,西郷
1140,閉設用のほうがボリュームあって草。,閉設用
1142,用件忘れた。,用件
1141,モンストでマルチしない？
「大量発生？タス亀強化祭（上級）」
https://static.monster-strike.com/line/?pass_code=OTA1MjU2MDA0ODg4
↑このURLをタップすると、タップした人達同士で一緒にマルチプレイができるよ！

https://static.monster-strike.com/i/?i=905256004888&k=211&p=27&f=line
↑モンストをまだ始めていなかったらこのURLからインストールしてね！。,モン
1143,ガチだで。,ガチ
1145,なにのbotは。,なに
1146,了解しました。,了解
1148,かゆ うま。,かゆ
1150,焼肉。,焼肉
1151,草。,草
1155,淫夢関係なく事実だからしゃあない。,淫夢関
1156,靖子お姉ちゃんかわいいなぁ。,靖子
1157,嘘やろ…。,嘘
1158,後半になるにつれ辛くなるゲーム。,後半
1159,やだ！クーラーのない部屋でおねしょた汗だくックスするの！！！。,や
1161,酒=鮭。,酒
1162,ビール＝アルコール
アルコール＝酒
酒＝鮭。,ビール
1164,お姉ちゃんの。,姉ちゃん
1165,なお、ぼくなつ1の時は従姉妹のお姉ちゃんと風呂に入った。,ぼく
1166,あc。,c
1168,糞。,糞
1170,ハンドガン。,ハンド
1171,従姉妹とか近親相姦やんけ。,従姉妹
1172,従姉妹は犯罪じゃないからええやろ。,従姉妹
1173,サイモンは密入国してて葉っぱ育ててる。,サイモン
1175,コトバをつなげて遊ぶ新感覚RPG「共通ことばRPG コトダマン」！
一緒に遊んでほしいヌキ…ﾁﾗ

↓のURLからゲームを開始してね！
 https://pre.sega-net.jp/invite/inputcode?cid=kotodaman_invite&code=2ffec182。,コトバ
1177,ことばパズルゲー大好き。,ことば
1178,もじぴったんとか。,ぴったんとか
1179,はよぼくなつ最新パートまで見るんだよ。,ぼく
1153,ハロー。,ハロー
1154,((꜆꜄｀•ω•)꜆꜄꜆ｵﾗｵﾗｵﾗｵﾗ。,((
1160,芳佳さんで我慢しな。,芳
1163,真実はいつもひとつ。,真実
1167,しんで。,しん
1169,病院行け。,病院
1174,島中の若い女をシャブ漬けレイプして終わりそう。,島中
1176,オトダマスターかな？。,オトダマスター
1180,飯行こうぜ。,飯
1181,退出お願いします。,退出
1182,#bye。,#
1183,寛容ですね。,寛容
1184,YO!。,YO
1185,なにを？。,なに
1186,ラップぽくて草。,ラップ
1187,アホかこいつら。,アホ
1188,順平か？。,順平
1189,カツカレーチャーハン。,カツカレーチャーハン
1190,浜崎。,浜崎
1191,したらだめだで。,だめ
1192,草。,草
1193,女の子。,女の子
1194,悲しすぎるだろｗｗｗｗ。,悲し
1195,オフゼロ事件。,オフ
1196,は？？？？？？。,？？？？？？。
1197,イケメンやろそこは。,イケメン
1198,シネシネシネ。,シネシネシネ
1199,元気か。,元気
1200,http://game-hikidashi.com/prominence3d/。,http
1201,ムスタファケマルアタテュルク。,ムスタファケマルアタテュルク
1202,進捗どうですか。,進捗
1203,オフ会。,オフ
1204,ｴ"ｯﾊｧ。,ｴ
1205,姿鏡。,姿
1206,ハッピー。,ハッピー
1207,就活決まったのでは。,就活決
1208,ニヤニヤしながら戻ってきたンゴ。,ンゴ
1209,モンストでマルチしない？
「堕獄の蓮華、三逆の咎（超絶）」
https://static.monster-strike.com/line/?pass_code=OTA1MjU2MDA0ODg4
↑このURLをタップすると、タップした人達同士で一緒にマルチプレイができるよ！

https://static.monster-strike.com/i/?i=905256004888&k=211&p=27&f=line
↑モンストをまだ始めていなかったらこのURLからインストールしてね！。,モン
1210,わし学食
S学食の外道路。,わし
1211,殺すぞ童貞。,童貞
1212,シバター。,シ
1213,オフ会？。,オフ
1214,ガイジかよ。,ガイジ
1215,順平暗いんだよ。,順平
1216,まじかよ。,まじ
1217,ﾊｯﾋﾟｼﾝｾｻｲｻﾞｷﾐﾉ…。,ﾊｯﾋﾟｼﾝｾｻｲｻﾞｷﾐﾉ
1218,ちんこ。,ちん
1219,ｴ"ｯﾊｧ。,ｴ
1220,トリュフあげりゅ。,トリュフ
1221,貝塚勃起土竜。,貝塚
1222,貝塚勃起土竜。,貝塚
1223,貝塚勃起土竜。,貝塚
1224,貝塚勃起土竜。,貝塚
1225,貝塚勃起土竜。,貝塚
1226,貝塚勃起土竜。,貝塚
1227,講師やべーやつばっかなんだけど。,講師
1228,そんなやばいん？。,やばい
1229,致死量の旨さ。,致死
1230,>>9
神道はしんとうって読むんやで。,>>
1231,暇やね。,暇
1232,千本桜。,千本
1233,かつ喜やぞ！。,喜
1234,QPA2で院行こうとしてる。,QPA
1235,必修落としてる。,必修
1236,はえーwwww。,wwww
1237,新橋さんと万代レベル。,新橋
1238,草ァァァ。,草
1239,プログラムできるしええやろ
毎週ゼミあって今日三回目なんやけど、出席0。,プログラム
1240,院行くの？。,院
1241,就活決まらないと思うからワンチャンある。,就活決
1242,pd3取れなきゃ行けないだろう。,pd
1243,院生の評価が「あの子は就活決まらない」。,院生
1244,草ァァァ。,草
1245,現状ではpd3落とすまであるぞ。,現状
1246,ちな鈴木とペア。,鈴木
1247,草ァ！。,草
1248,先生絶対協力しないよ。,先生
1249,メンタル強過ぎない？。,メンタル
1250,やり遂げる能力あんの？。,能力
1251,定期ミーティングを休む
↓
後日コアタイム終了直前に先生に会いに行く
↓
突然院に行く宣言
↓
研究室メンバー騒然
↓
取り敢えず許可を出すが行けるかどうかは本人次第
↓
昨日、遅刻を宣言し、欠席。,定期
1252,草。,草
1253,スパンキングしなきゃ。,スパン
1254,なお、QPA2で必修落とす。,QPA
1255,プロジェクトやってたの？。,プロジェクト
1256,ロボカップ。,ロボカップ
1257,ロボカップなら…。,ロボカップ
1258,院生「彼はガイジ」。,院生
1259,そのうちいきなり奇声あげて暴れ出しそう。,奇声
1260,ロボカップってまともなプロジェクトじゃなかったんか。,ロボカップ
1261,やばいやつ集団よ。,やばい
1262,ソープ にみえた。,ソープ
1263,あだ名じゃなくてハンドルネームかよ。,あだ名
1264,v3。,v
1265,村尾先生が甘すぎて村尾先生が可哀想。,村尾
1266,万代スパンキングしよう。,万代
1267,先生に？。,先生
1268,村尾先生に代わってスパンキングよ。,村尾
1269,発狂しそうで怖い。,発狂
1270,ア゛アーーーぶりぶりぶりでー。,ア
1271,近づくフリして特定しよう。,フリ
1272,耳元でイキリト構文囁いてみよ。,耳元
1273,院生の会話。,院生
1274,この段階で居場所無いとか地獄かな？。,段階
1275,オフ会。,オフ
1277,おいしいけどおいしい。,おいしい
1278,自動販売機が売れると思います。,自動
1279,自動販売機が売れると思います。,自動
1281,inじゃねーの！？。,in
1284,ガイジ。,ガイジ
1285,22にち。,22
1288,とりゅふあげりゅ。,ゅふあげりゅ
1289,土竜。,土竜
1295,オフ会0人。,オフ
1296,Daiってなんだよ。,Dai
1297,決意して♡(アンダーテール並感)。,決意
1298,草不可避。,草
1299,TRANS-AM System。,TRANS
1305,TRANS-AM System。,TRANS
1306,TRANS-AM System。,TRANS
1313,モンストでマルチしない？
「火の獣神竜を求めて（極）」
https://static.monster-strike.com/line/?pass_code=OTA1MjU2MDA0ODg4
↑このURLをタップすると、タップした人達同士で一緒にマルチプレイができるよ！

https://static.monster-strike.com/i/?i=905256004888&k=211&p=27&f=line
↑モンストをまだ始めていなかったらこのURLからインストールしてね！。,モン
1316,TRANS-AM System。,TRANS
1317,TRANS-AM System。,TRANS
1318,荒野行動。,荒野
1319,画質が悪すぎる。,画質
1320,エグゼのzセイバーっていうチップ。,エグゼ
1276,お不快0人。,不快
1280,おいしいけど、おいしい。,おいしい
1282,inじゃねーの！？。,in
1283,inじゃねーの！？。,in
1286,会話成立してて草。,会話
1287,働いて♡(提案おじさん)。,♡(
1290,オフ会。,オフ
1291,オフ会。,オフ
1292,オフ会。,オフ
1293,オフ会。,オフ
1294,オフ会。,オフ
1300,TRANS-AM System。,TRANS
1301,TRANS-AM System。,TRANS
1302,TRANS-AM System。,TRANS
1303,TRANS-AM System。,TRANS
1304,TRANS-AM System。,TRANS
1307,TRANS-AM System。,TRANS
1308,TRANS-AM System。,TRANS
1309,TRANS-AM System。,TRANS
1310,TRANS-AM System。,TRANS
1311,TRANS-AM System。,TRANS
1312,TRANS-AM System。,TRANS
1314,マクロで連投しまくったらおもしろそう。,マクロ
1315,TRANS-AM System。,TRANS
1321,モンスターと戦い一夜を過ごすとか。,モンスター
1322,鉄鉱石を集めるゲームをする。,鉄鉱
1323,ツァラトゥストラ。,ツァラトゥストラ
1324,kjh。,kjh
1325,おなかへった。,おなか
1326,飯奢ってくれ。,飯
1327,気だるそうな「ストーリ合戦な」。,気だる
1328,ツワモノ感が好き。,ツワモノ
1329,浜ちゃん。,浜
1330,ニート。,ニート
1331,ニート。,ニート
1332,イケメン。,イケメン
1333,かっこいい。,かっこいい
1334,グロ。,グロ
1335,貝塚。,貝塚
1336,またお話し出来て嬉しいだで。,お話し
1337,ガイジステップ。,ガイジステップ
1338,オフ会全員キャンセルもクソも誰も行こうとしてないやろ。,オフ
1339,ワールドはかってる。,ワールド
1340,ウォンツモードやめい。,ウォンツモード
1341,シバター。,シ
1342,https://anond.hatelabo.jp/20180416201535。,https
1343,ひどすぎる。,ひど
1344,おまえだ。,おまえ
1345,草どころか草間彌生。,草
1346,文句言わないだけありがたいと思うんだけど。,文句
1347,ムスタファケマルアタテュルク。,ムスタファケマルアタテュルク
1348,ムスタファケマルアタテュルク。,ムスタファケマルアタテュルク
1349,ムスタファケマルアタテュルク。,ムスタファケマルアタテュルク
1350,ｴ"ｯﾊｧ。,ｴ
1351,G。,G
1352,うんこ。,うんこ
1353,オフ会。,オフ
1354,オフ会０人。,オフ
1355,オフ会。,オフ
1356,晒し者。,晒し
1357,饒舌ワードかな。,饒舌
1358,日本ハム市川友也金銭トレードでソフトバンクへ。,日本ハム
1359,黙れ無職。,無職
1360,手術室でガチオーバーグラスマンワオ！。,手術
1361,市川見ないと思ってたらトレードとか草枯れる。,市川
1362,ビャオ！。,ビャオ
1363,シュウマイくんの方がまだちゃんとした日本語話すと思う。,シュウ
1364,ギリ健やししゃーない。,ギリ
1365,おいしいけどおいしい。,おいしい
1366,だめぐち。,だめ
1367,ワイは手が痛くなるわ
台を強打するからか。,ワイ
1368,草
http://www.tgsmart.jp/images/articles/00019701/main_14e54d1b.jpg
https://pbs.twimg.com/media/DCHCJF1UMAAfv_G.jpg
http://www.tgsmart.jp/images/articles/00012341/main_cb3ae9cf.jpg
http://www.tgsmart.jp/images/articles/00013981/main_b4878a78.jpg
http://www.tgsmart.jp/images/articles/00018395/main_83960799.jpg
http://www.tgsmart.jp/images/articles/00020413/main_88d9ebc3.jpg
http://www.tgsmart.jp/images/articles/00019639/main_6db14d83.jpg。,草
1369,【DMM.R18】FLOWER KNIGHT GIRL ～X指定～ part3218 [無断転載禁止]©bbspink.com	
http://phoebe.bbspink.com/test/read.cgi/mobpink/1524023566/。,DMM
1370,ワードいれてくのが無理やり過ぎる。,ワード
1371,もう歴戦とか周回できるぐらいはやってるんか？。,歴戦
1372,歴然で装飾あつめ。,歴然
1373,まじか。,まじ
1374,キチはOLだった...？。,キチ
1375,地獄の周回じゃん。,地獄
1376,え発掘武器まじ？。,発掘
1377,発掘武器の対象モンスターらしいな。,発掘
1378,まだアプデみてないんだよね。,アプデ
1379,ナルガいきたいなー。,ナルガ
1380,少なくともジンオウとかナルガとかティガは確定っぽいし。,ジンオウ
1381,いつものモンスター。,モンスター
1382,プケプケとか。,プケプケ
1383,レウスレイアは確定か。,レウスレイア
1384,後ゼノジーヴァの亜種個体も。,ゼノジーヴァ
1385,まじ？。,まじ
1386,古竜に亜種あるんか。,竜
1387,ダラ亜種かっこ。,ダラ
1388,ダラ亜種｢｣。,ダラ
1389,ラオ亜種｢｣。,ラオ
1390,ナナ・テスカトリもくるとか。,ナナ
1391,奥さん久々。,奥さん
1392,さやがブラに書かれてる。,さや
1393,兵庫県加古川市尾上町長田町長田町長田町長田町長田町長田町長田町長田町長田町長田町長田町長田町長田町長田町長田町長田町長田町長田町長田町。,兵庫
1394,室無絵羅ですよろしく。,室
1395,よろしく！？まだ知らんわ、の影のところにしても内容がわかるよねぇですかね。,影
1396,グランミラオスとかゴグマジオス他惜しかった。,グランミラオス
1397,楽しかった。,楽しかっ
1398,新大陸だしそういうのドンドンほしい。,新大陸
1399,古竜渡りとしてでもいいから。,竜
1400,はよミラボきて。,ミ
1401,旧大陸にもシュレイド城建設しろ。,大陸
1403,元気？。,元気
1406,船ぽいの自分で作りそう。,船
1402,旧大陸でシュレイド城壊されたから新大陸で建てたろの精神。,大陸
1404,しつこいやつやんな。,しつこい
1405,オウム返しすんなしね。,オウム
1407,カツカレーチャーハン。,カツカレーチャーハン
1408,マイクラで今pubg風にしてみようかなって試行錯誤してる。,マイクラ
1409,環境に合わせて機械の形変えるとかおもろいな。,環境
1410,弓と太刀とチャアクが強すぎて他あんま使わんくない。,弓
1411,フォートナイトして♥。,フォートナイト
1412,RN氏もやるなら俺全然おk。,RN
1413,Pcminecraftしてとか。,Pcminecraft
1414,pcを大切にしてなかったからだろうがお前馬鹿か？。,pc
1415,ネッ友って言うてる時点でもうお察し。,ネッ
1416,しゃむでーす。,ゃむで
1417,かま。,かま
1418,オフ会。,オフ
1419,はまはまはたひたなた。,はま
1420,あたまおかしなるで。,おかし
1421,会話にならんなぁ…。,会話
1422,ビンタするで！。,ビンタ
1423,火力ないってよくいわれるけどそれは使い方がアレなだけで。,火力
1424,うまく使えばつよい。,うまく
1425,土竜。,土竜
1426,片手火力ないはエアプ。,片手
1427,そういがつよい。,そうい
1428,歴戦キリンだけは斬裂ガイジして殺したが。,歴戦
1429,歴戦キリンだけ強さおかしくない？。,歴戦
1430,野良でやると絶対いいとこで他が死ぬからソロ安定だわあんなん。,野良
1431,弓だと一矢なんかしてたら絶対死ぬよな。,弓
1432,一時期無属性強化でゲイルがいいとか言ってたけど。,一時期
1433,属性弓で一矢してた方が全然強いわ無属性強化は太刀と大剣の特権だべあれ。,属性
1434,パルム。,パルム
1435,シバター 。,シ
1436,はやくナルガ武器ほしい。,はやく
1437,ナルガ双剣と円筒あわせて改心ぶっぱゲーやりたい。,ナルガ
1438,オフ会。,オフ
1439,会心100の超会心 無属性強化したい。,会心
1440,後達人芸だっけ。,達人
1441,切れ味下がんないとか最強だろ。,切れ味
1442,ひでえ。,ひで
1443,ふぅん。,ぅん
1444,なつかしい。,なつかしい
1445,西武強い…強くない？。,西武
1446,焼肉。,焼肉
1447,順平。,順平
1448,対馬。,対馬
1449,対馬。,対馬
1450,対馬。,対馬
1451,イーメール。,イーメール
1452,ゲージ。,ゲージ
1453,ガチでガイジなんか？。,ガチ
1454,ステキな事やないですかぁ…。,ステキ
1455,ワイが高梨なら上原田中バックヤードで半殺しにするンゴねぇ…。,ワイ
1456,順平。,順平
1457,貝塚。,貝塚
1458,土竜。,土竜
1459,貝塚。,貝塚
1460,パルム。,パルム
1461,ウォンツ。,ウォンツ
1462,ウォンツ。,ウォンツ
1463,ウォンツ。,ウォンツ
1464,ウォンツ。,ウォンツ
1465,ウォンツ。,ウォンツ
1466,ウォンツ。,ウォンツ
1467,ウォンツ。,ウォンツ
1468,ウォンツ。,ウォンツ
1469,だまれ無職。,無職
1470,浜崎。,浜崎
1471,パルム。,パルム
1472,パルム。,パルム
1473,Youtube r。,Youtube
1474,アララァッ。,アララァッ
1475,ペイス。,ペ
1476,o(ﾟ◇ﾟo)んあ？。,o
1477,o(ﾟ◇ﾟo)んあ？。,o
1478,(^○^)んあー。,(^○^)
1479,(^○^)んあー。,(^○^)
1480,んちゃ(｡･ω･)ﾉﾞ♪。,(｡･
1481,しゃむ。,ゃむ
1482,しばきょ童貞？。,しば
1483,DT。,DT
1484,(≧Д≦)ンアーッ！。,(≧
1485,ウィィィィス！。,ウィィィィス
1486,じゃまやな。,じゃま
1487,ワイ高梨、西部軍へトレードを希望。,ワイ
1488,上原あかんすぎやろ。,上原
1489,ファーム不可避。,ファーム
1490,クソニート。,クソニート
1491,脳外科手術オフ会やぞ。,脳外科
1492,はえ〜すっごい…。,はえ
1493,脳みそからのタチポン…素敵なことやないですかぁ…♡。,脳みそ
1494,ガイジやんけ。,ガイジ
1495,無職がパンを食べるな。,無職
1496,ナルガ武器便利だから嬉しい。,ナルガ
1497,デザインかっこいい…かっこよくない？。,デザイン
1498,太刀の雷属性で1番かっこいいのは斬馬刀一択。,太刀
1499,フルフルも確かジンオウガとかと一緒にくるとか。,フルフル
1500,っっsDdっっs。,sDd
1501,独立しろ。,独立
1502,雑魚。,雑魚
1503,ベリオロスが1番来て欲しい防具めっちゃかわいいし。,ベリオロス
1504,オフ会0人のくせに何を管理するのか。,オフ
1505,クソモグラ蹴り殺す。,モグラ
1506,ビャオ！。,ビャオ
1507,シバター。,シ
1508,ビャオ！。,ビャオ
1509,ウォンツ野郎。,ウォンツ
1510,脳みそウンコ。,脳みそ
1511,ベリオロスもくんのか。,ベリオロス
1513,勃起。,勃起
1515,ジンオウガも会心20ぐらいついててすき。,ジンオウガ
1518,----へけっ！カス太郎なのだ！ 
日本シリーズでも見事カスっぷりを発揮し、去就について注目される巨人小笠原死刑囚(39)が仰天プランを打ち明けた。 
「シャカシャカ走る、よみうりランドの隅っこを走る、大好きなのは女子アナに種」と条件を満たしていることから 
来シーズンはハムスター業界でプレーしたい、とカッスは記者を集めて突然の移籍宣言。 
その数日後、見事カッ種のハムスターとしてペットショップに売り出されることになった。 
そこで気になった記者が様子を見に行くと、カッスは客前で「とっととハメ太郎！」とたからかに宣言し 
334人の来客を次々と強⚪︎するなど猛アピール。これを絶賛した北海道の栗山さんが獲得に名乗りをあげた。 
「北海道は寒いけど部屋飼いだから大丈夫」の声にカス太郎（命名）は頭痛をおぼえ死亡しながらも二つ返事で移籍を承諾。 
心配されたカス太郎だったが１週間後には気候にも適応し、髭を蓄えた日本ハム太郎小笠原へと進化を遂げた。彼のその後の活躍は言うまでもない。 
このことを聞いた大正義巨人軍原監督は「うちも昨年ペットショップで買ったよ。雄のはずだったんだけどね。」 
と、横浜のペットショップで購入した「おっとこ村太郎」に対し、不満をあらわにした。 
なお、もう間に合わん模様。,----
1519,さいきんランキングいるやつw。,さいき
1520,モンハンは男でやりたい。,モンハン
1521,嘘つけお前１回4Gだかxで女だったろ。,嘘
1523,RPとか出来るゲームは女でやりたい願望がある。,RP
1512,ぼっき。,ぼっき
1514,土竜。,土竜
1516,貝塚。,貝塚
1517,球界の高カロリー体こと巨人小笠原中日二軍監督容疑者(42)が大盛りで有名な「ラーメン二岡」に挑戦だ。 
カッスがミニラーメン(334円)の食券を出してからわずか9800秒、店員の豚ダブル(35)から「キ○タマ挿れますか？」と定番の声をかけられる。 
それに対しカッスは間髪入れずに「野菜少なめで」と、何と大ラーメン(4億3000万円)全チョモランマを注文。 
村田から吉見たっぷりのラーメンとサードのポジションを差し出されると、カッスは「(ミニラーメンじゃ)いかんのか？」「(簡単にあきらめちゃ)いかんでしょ」と、完食ができなかった場合の死刑執行に承諾した。 
それを見ていた隣席のあの3名(22、24、32)は「完食できない」に総額5億円を賭け、カッスのラーメンに江草を投入するファインプレーを披露。 
カッスは炎上、死亡し、5億の借金を抱え破産。完食叶わず死刑執行後、大ラーメンの代金が払えず死刑執行。MVPとして松本竜、笠原、福田の現役復帰が決まった。 
この件に関して雇われ店長(44)は「のり(25)ラーメンもう一丁！」とコメント。自身も続投を希望した。,球界
1522,対馬。,対馬
1524,XXの時のミツネみたいな感じのが好きだったけど。,XX
1525,おはしゃむ。,はし
1526,新モンスターのマムタロト今日かららしいじゃん。,モンスター
1527,イーミアル。,イーミアル
1528,仕様変更で閃光が4回〜6回で完全に効かなくみたい。,仕様
1529,歴戦クシャと青レウスが地獄なんですがそれは。,歴戦
1530,閃光が仕様変更で4〜6回目でモンスターに完全に効かなくなるみたい。,閃光
1531,歴戦クシャと青レウスと歴戦イビルが地獄になるだけなのだが。,歴戦
1532,今池駅で確認。,今池
1533,今池発展場あるよね。,今池
1534,ﾋｪ!?。,ﾋｪ
1535,矢場町のトイレ名古屋尊師いるw。,矢場
1536,地下鉄のとこにポルノ劇場があってそこは老け専の発展場らしい。,地下鉄
1537,カラコロ民名古屋にもおるんやなぁ。,カラコロ
1538,割と人入ってくから草生えるで。,割
1539,本社栃木やで。,本社
1540,オフ会。,オフ
1541,ナスの方やけど。,ナス
1542,寮？。,寮
1543,ティーダ買う？。,ティーダ
1544,ワイ、坪井がDeでコーチしてることを今更知る。,ワイ
1545,草。,草
1546,アイマス。,アイマス
1547,THE IDOLM@STER。,THE
1548,トンカツマックブーグー！。,トンカツマックブーグー
1549,すざけんあ。,ざけんあ
1550,ギター買ったぞ。,ギター
1551,無視すんな！殴るぞ。,無視
1552,ウォンツ。,ウォンツ
1553,マムタロトの武器くそ強いで。,マムタロト
1554,ウォンツ。,ウォンツ
1555,大吟豚ってところクッソうまい。,吟
1556,アッアッア。,アッアッア
1557,オッ。,オッ
1558,元気ですか？。,元気
1559,オモシレ。,オモシレ
1560,浜ちゃん。,浜
1561,プリン。,プリン
1562,ふつーにうまそ。,ふつー
1563,お、社畜かぁ〜？。,社畜
1564,罰が下った。,罰
1565,土曜夜やな。,土曜
1566,セックスしよ？ゴムつけてね？。,セックス
1567,モンストでマルチしない？
「宿泊歓迎！恐怖の山姥旅館（究極）」
https://static.monster-strike.com/line/?pass_code=OTA1MjU2MDA0ODg4
↑このURLをタップすると、タップした人達同士で一緒にマルチプレイができるよ！

https://static.monster-strike.com/i/?i=905256004888&k=211&p=27&f=line
↑モンストをまだ始めていなかったらこのURLからインストールしてね！。,モン
1568,モンストでマルチしない？
「木曜日より亀の甲？[木]（究極）」
https://static.monster-strike.com/line/?pass_code=OTA1MjU2MDA0ODg4
↑このURLをタップすると、タップした人達同士で一緒にマルチプレイができるよ！

https://static.monster-strike.com/i/?i=905256004888&k=211&p=27&f=line
↑モンストをまだ始めていなかったらこのURLからインストールしてね！。,モン
1569,ちんこ。,ちん
1570,あなたは誰ですか。,あなた
1571,F♯m狂ってる。,F
1572,寂しくなってきた。,寂しく
1573,屁意。,屁
1574,会話になってないよ。,会話
1575,ガイジ。,ガイジ
1576,モンストでマルチしない？
「死の魔眼を有する怪獣（極）」
https://static.monster-strike.com/line/?pass_code=OTA1MjU2MDA0ODg4
↑このURLをタップすると、タップした人達同士で一緒にマルチプレイができるよ！

https://static.monster-strike.com/i/?i=905256004888&k=211&p=27&f=line
↑モンストをまだ始めていなかったらこのURLからインストールしてね！。,モン
1577,あー龍封力修正されたけど強いよな。,龍
1578,クシャに毒武器持ってく必要ないし。,クシャ
1579,テオのスーパーノヴァとかで死ぬ雑魚の介護もしなくてよくなるしいいことだらけだわ。,テオ
1580,http://www.nicovideo.jp/watch/sm33071517。,http
1581,ジョギングおじさんやん。,ジョギング
1582,バーチャルの必要性皆無。,バーチャル
1583,ボイチェンの意味もないルーツ節。,ボイチェン
1584,バーテャルに釣られて、新規が流れ込んできて、囲われて、荒れるゾ。,バーテャル
1585,右目が半目な辺り本物のルーツだとわかるわ。,右目
1586,BLじゃなくてホモなんだよなあ。,BL
1587,お互いホモ受けしそうな顔してるし。,お互い
1588,速さ(上)体力↓。,速
1589,祈りつけるとえげつなくて良きだぞ。,えげつなく
1590,早くて22時ごろになるかも。,早く
1591,夜勤明けだから多分寝たら8時までは目冷めないし。,夜勤
1592,ちんこ。,ちん
1593,ちんこちんこちんこ。,ちん
1594,ちんこ。,ちん
1595,ちんこを覚えろ。,ちん
1596,唐澤貴洋。,唐
1597,唐澤貴洋。,唐
1598,唐澤貴洋。,唐
1599,鋼兵さん！？。,鋼
1600,しかめまどかすき。,まどか
1601,攻撃上げラインハルトを追い求めるか魔防の封印さんを求めるかで迷ってる。,攻撃
1602,リーフだぞ。,リーフ
1603,櫻井孝宏、蒼井翔太。,櫻井
1604,ラインハルト複数持ちの方が優先度たかそう。,ラインハルト
1605,ラインハルト統一いいよね。,ラインハルト
1606,ひとしと清ちゃん帰った？。,ひとし
1607,宝塚なうでござるよ。,宝塚
1608,早くない？w。,早く
1609,なにしてんの？w。,なに
1610,いや、下山してた。,下山
1611,下山してたのね俺もバスで下山するわ。,下山
1612,了解
降りた辺りで待ってる。,了解
1613,ナス。,ナス
1614,(´・ω・｀)。,(´
1615,野獣先輩。,野獣
1616,モノレールってクッソ揺れるんだな。,モノレール
1617,悲報 トマトを一日4トン食べると死ぬ。,悲報
1618,バスの中でイキリオタクに遭遇してツラミが深い。,バス
1619,モノレール乗っとるん？。,モノレール
1620,天王洲アイルに来た。,天王
1621,疾風迅雷ラインハルトに突撃させた後に救援ラインハルトが突撃！。,疾風迅雷
1622,ヤケ食いしたんですね。,ヤケ
1623,ムスタファケマルアタテュルク。,ムスタファケマルアタテュルク
1624,ムスタファケマルアタテュルク。,ムスタファケマルアタテュルク
1625,やっぱりFEHの主人公なんだなぁ…。,FEH
1626,ｴ"ｯﾊｧｴ"ｯﾊｧｴ"ｯﾊｧｴ"ｯﾊｧ。,ｴ
1627,しまむら。,しまむら
1628,敬語使うべきじゃん。,敬語
1629,ラインハルトで処理できないキャラがスルトしかいない。,ラインハルト
1630,オフ会。,オフ
1631,オフ会0にん。,オフ
1632,麻婆茄子。,麻
1633,麻婆。,麻
1634,刺身。,刺身
1635,ハロー。,ハロー
1636,オラオラオラ。,オラオラオラ
1637,ボラボラボラ。,ボラボラボラ
1638,ドラララララ。,ドラララララ
1639,ワナビイイイ。,ワナビイイイ
1640,https://youtu.be/5iCejVCqhGo。,https
1641,ギターむずすぎる。,ギター
1642,主権国家体制。,主権
1643,日本語うまくなったな。,日本語
1644,下手くそやんけ。,下手くそ
1645,114514。,114514
